{
    "Biases": [
        3.01523437957173
    ],
    "Weights": [
        0.035263012573952,
        1.33217533737183,
        3.04857564483215,
        -7.61761852562215,
        -0.520156503812479,
        0.796633718073403,
        -1.03218333493511,
        -1.07385787757992,
        1.71667716212311,
        -1.97207510851139,
        3.19319442077418,
        -1.73078515443821,
        0.0297004472642022,
        0.89332790833576,
        1.35925958973212,
        -0.759449201437185
    ]
}