{
  "Weights": [
    -0.3821396340288626,
    1.7340288897293126,
    3.4057678160740323,
    -7.234437910935511,
    -1.037089868634306,
    0.7385680288951014,
    -1.0924159391343475,
    -1.4987174312019318,
    2.3772414760233236,
    -1.890978515283426,
    3.864226115679509,
    -1.736091762747663,
    -0.05687376033935419,
    0.8785577863908371,
    1.0877254875199174,
    -0.20166337813892185
  ],
  "Bias": 2.144169711054825,
  "TrainingConverged": true,
  "TrainingIterations": 6504254,
  "ConvergenceThreshold": 1E-10
}